gameId,season,homeTeam,awayTeam,homeSeed,awaySeed,homeCourt,homeWin,gameNumber,round,eFG%_home_season,TOV%_home_season,ORB%_home_season,DRB%_home_season,FT/FGA_home_season,eFG%_away_season,TOV%_away_season,ORB%_away_season,DRB%_away_season,FT/FGA_away_season,h2h_games_played,h2h_home_wins,h2h_home_winrate,eFG%_home_r1g1,TOV%_home_r1g1,FT/FGA_home_r1g1,ORB%_home_r1g1,DRB%_home_r1g1,eFG%_away_r1g1,TOV%_away_r1g1,FT/FGA_away_r1g1,ORB%_away_r1g1,DRB%_away_r1g1,homeScore_r1g1,awayScore_r1g1,homeLostRound1Game1,eFG%_home_r1_roll,TOV%_home_r1_roll,FT/FGA_home_r1_roll,ORB%_home_r1_roll,DRB%_home_r1_roll,eFG%_away_r1_roll,TOV%_away_r1_roll,FT/FGA_away_r1_roll,ORB%_away_r1_roll,DRB%_away_r1_roll,homeWins,awayWins,eFG%_home_r1_avg,TOV%_home_r1_avg,FT/FGA_home_r1_avg,ORB%_home_r1_avg,DRB%_home_r1_avg,eFG%_away_r1_avg,TOV%_away_r1_avg,FT/FGA_away_r1_avg,ORB%_away_r1_avg,DRB%_away_r1_avg,homeSeriesLength,awaySeriesLength,restAdvantage,eFG%_home_r2_roll,TOV%_home_r2_roll,FT/FGA_home_r2_roll,ORB%_home_r2_roll,DRB%_home_r2_roll,eFG%_away_r2_roll,TOV%_away_r2_roll,FT/FGA_away_r2_roll,ORB%_away_r2_roll,DRB%_away_r2_roll,eFG%_home_r1r2_avg,TOV%_home_r1r2_avg,FT/FGA_home_r1r2_avg,ORB%_home_r1r2_avg,DRB%_home_r1r2_avg,eFG%_away_r1r2_avg,TOV%_away_r1r2_avg,FT/FGA_away_r1r2_avg,ORB%_away_r1r2_avg,DRB%_away_r1r2_avg,eFG%_home_r3_roll,eFG%_away_r3_roll,TOV%_home_r3_roll,TOV%_away_r3_roll,FT/FGA_home_r3_roll,FT/FGA_away_r3_roll,ORB%_home_r3_roll,ORB%_away_r3_roll,DRB%_home_r3_roll,DRB%_away_r3_roll,eFG%_home_r1r2r3_avg,eFG%_away_r1r2r3_avg,TOV%_home_r1r2r3_avg,TOV%_away_r1r2r3_avg,FT/FGA_home_r1r2r3_avg,FT/FGA_away_r1r2r3_avg,ORB%_home_r1r2r3_avg,ORB%_away_r1r2r3_avg,DRB%_home_r1r2r3_avg,DRB%_away_r1r2r3_avg,eFG%_home_r4_roll,eFG%_away_r4_roll,TOV%_home_r4_roll,TOV%_away_r4_roll,FT/FGA_home_r4_roll,FT/FGA_away_r4_roll,ORB%_home_r4_roll,ORB%_away_r4_roll,DRB%_home_r4_roll,DRB%_away_r4_roll,gameDate,seriesId,gameLabel,gameSubLabel,homeScore,awayScore,matchupType,conference_home,conference_away,true_label,predicted_label,predicted_winner,actual_winner
42400151,2025,Houston Rockets,Golden State Warriors,2.0,7.0,True,False,1,1.0,0.5229791546354807,0.1111303229978362,0.3160251095024033,0.7631315491103853,0.1797425119189189,0.5370703856058747,0.116518717747751,0.2715094236717492,0.7588613111513853,0.1893766082715259,5.0,2.0,0.4,,,,,,,,,,,,,,,,,,,,,,,,,,,,,,,,,,,,,,,,,,,,,,,,,,,,,,,,,,,,,,,,,,,,,,,,,,,,,,,,,,,,,,,,,2025-04-20 21:30:00,Houston Rockets_vs_Golden State Warriors_vs_2025,West First Round,Game 1,85,95,First Round,Western,Western,False,True,Houston Rockets,Golden State Warriors
42400101,2025,Cleveland Cavaliers,Miami Heat,1.0,8.0,True,True,1,1.0,0.5789728832627004,0.1108683464899944,0.2583481745605887,0.7496354993187085,0.1898286370343472,0.5449073402005499,0.1167907365701353,0.2208507433126192,0.7588217101010372,0.1858869173878394,3.0,2.0,0.6666666666666666,,,,,,,,,,,,,,,,,,,,,,,,,,,,,,,,,,,,,,,,,,,,,,,,,,,,,,,,,,,,,,,,,,,,,,,,,,,,,,,,,,,,,,,,,2025-04-20 19:00:00,Cleveland Cavaliers_vs_Miami Heat_vs_2025,East First Round,Game 1,121,100,First Round,Eastern,Eastern,True,True,Cleveland Cavaliers,Cleveland Cavaliers
42400111,2025,Boston Celtics,Orlando Magic,2.0,7.0,True,True,1,1.0,0.5618577799381598,0.1032607729085805,0.2558424397519852,0.7601602568082985,0.1709751502038617,0.510347938343158,0.1202786418521276,0.2524369386385372,0.7727283627059952,0.2125014442963116,3.0,1.0,0.3333333333333333,,,,,,,,,,,,,,,,,,,,,,,,,,,,,,,,,,,,,,,,,,,,,,,,,,,,,,,,,,,,,,,,,,,,,,,,,,,,,,,,,,,,,,,,,2025-04-20 15:30:00,Boston Celtics_vs_Orlando Magic_vs_2025,East First Round,Game 1,103,86,First Round,Eastern,Eastern,True,True,Boston Celtics,Boston Celtics
42400141,2025,Oklahoma City Thunder,Memphis Grizzlies,1.0,8.0,True,True,1,1.0,0.5581594613975414,0.0980068811549895,0.2382942231241037,0.747758760424753,0.1822653182514745,0.5544037322682288,0.1260509788846652,0.2861889776142628,0.7516919731499652,0.1987069567781037,4.0,4.0,1.0,,,,,,,,,,,,,,,,,,,,,,,,,,,,,,,,,,,,,,,,,,,,,,,,,,,,,,,,,,,,,,,,,,,,,,,,,,,,,,,,,,,,,,,,,2025-04-20 13:00:00,Oklahoma City Thunder_vs_Memphis Grizzlies_vs_2025,West First Round,Game 1,131,80,First Round,Western,Western,True,True,Oklahoma City Thunder,Oklahoma City Thunder
42400161,2025,Los Angeles Lakers,Minnesota Timberwolves,3.0,6.0,True,False,1,1.0,0.5581055098736905,0.1203752657423463,0.2305396151391905,0.7450589432422474,0.2174557529966735,0.5565076749943708,0.124347008018063,0.2556939144770764,0.7523160875319653,0.1990115453629053,4.0,2.0,0.5,,,,,,,,,,,,,,,,,,,,,,,,,,,,,,,,,,,,,,,,,,,,,,,,,,,,,,,,,,,,,,,,,,,,,,,,,,,,,,,,,,,,,,,,,2025-04-19 20:30:00,Los Angeles Lakers_vs_Minnesota Timberwolves_vs_2025,West First Round,Game 1,95,117,First Round,Western,Western,False,True,Los Angeles Lakers,Minnesota Timberwolves
42400121,2025,New York Knicks,Detroit Pistons,3.0,6.0,True,True,1,1.0,0.5573323517857001,0.1103193586209133,0.2569181580584944,0.7479974537078781,0.1884116681945858,0.548780819500136,0.1242617126027715,0.2594570567736945,0.7630740648939247,0.1948336306979154,4.0,1.0,0.25,,,,,,,,,,,,,,,,,,,,,,,,,,,,,,,,,,,,,,,,,,,,,,,,,,,,,,,,,,,,,,,,,,,,,,,,,,,,,,,,,,,,,,,,,2025-04-19 18:00:00,New York Knicks_vs_Detroit Pistons_vs_2025,East First Round,Game 1,123,112,First Round,Eastern,Eastern,True,True,New York Knicks,New York Knicks
42400171,2025,Denver Nuggets,Los Angeles Clippers,4.0,5.0,True,True,1,1.0,0.5746145427039192,0.1192318310051288,0.2665565798549045,0.7472582806684616,0.2025145635283618,0.5556264875483019,0.1262884165993449,0.2439898057377592,0.7772864684204371,0.2016721788618986,4.0,2.0,0.5,,,,,,,,,,,,,,,,,,,,,,,,,,,,,,,,,,,,,,,,,,,,,,,,,,,,,,,,,,,,,,,,,,,,,,,,,,,,,,,,,,,,,,,,,2025-04-19 15:30:00,Denver Nuggets_vs_Los Angeles Clippers_vs_2025,West First Round,Game 1,112,110,First Round,Western,Western,True,True,Denver Nuggets,Denver Nuggets
42400131,2025,Indiana Pacers,Milwaukee Bucks,4.0,5.0,True,True,1,1.0,0.5622493143037851,0.1097941363664756,0.2115510400062374,0.7468470321126954,0.1923640118520674,0.5707657893237635,0.1182210867783272,0.1907593586665259,0.7631686768831937,0.2044242587321111,4.0,1.0,0.25,,,,,,,,,,,,,,,,,,,,,,,,,,,,,,,,,,,,,,,,,,,,,,,,,,,,,,,,,,,,,,,,,,,,,,,,,,,,,,,,,,,,,,,,,2025-04-19 13:00:00,Indiana Pacers_vs_Milwaukee Bucks_vs_2025,East First Round,Game 1,117,98,First Round,Eastern,Eastern,True,True,Indiana Pacers,Indiana Pacers
42400152,2025,Houston Rockets,Golden State Warriors,2.0,7.0,True,True,2,1.0,0.5229791546354807,0.1111303229978362,0.3160251095024033,0.7631315491103853,0.1797425119189189,0.5370703856058747,0.116518717747751,0.2715094236717492,0.7588613111513853,0.1893766082715259,,,,0.425287356321839,0.1431127012522361,0.1264367816091954,0.4230769230769231,0.8333333333333334,0.5526315789473685,0.1180764276513525,0.1447368421052631,0.1666666666666666,0.5769230769230769,85.0,95.0,1.0,,,,,,,,,,,,,,,,,,,,,,,,,,,,,,,,,,,,,,,,,,,,,,,,,,,,,,,,,,,,,,,,,,,,,,,,,,,,2025-04-23 21:30:00,Houston Rockets_vs_Golden State Warriors_vs_2025,West First Round,Game 2,109,94,First Round,Western,Western,True,True,Houston Rockets,Houston Rockets
42400102,2025,Cleveland Cavaliers,Miami Heat,1.0,8.0,True,True,2,1.0,0.5789728832627004,0.1108683464899944,0.2583481745605887,0.7496354993187085,0.1898286370343472,0.5449073402005499,0.1167907365701353,0.2208507433126192,0.7588217101010372,0.1858869173878394,,,,0.6136363636363636,0.0686005488043904,0.1477272727272727,0.35,0.717948717948718,0.56875,0.1410153102336825,0.1125,0.282051282051282,0.65,121.0,100.0,0.0,,,,,,,,,,,,,,,,,,,,,,,,,,,,,,,,,,,,,,,,,,,,,,,,,,,,,,,,,,,,,,,,,,,,,,,,,,,,2025-04-23 19:30:00,Cleveland Cavaliers_vs_Miami Heat_vs_2025,East First Round,Game 2,121,112,First Round,Eastern,Eastern,True,True,Cleveland Cavaliers,Cleveland Cavaliers
42400112,2025,Boston Celtics,Orlando Magic,2.0,7.0,True,True,2,1.0,0.5618577799381598,0.1032607729085805,0.2558424397519852,0.7601602568082985,0.1709751502038617,0.510347938343158,0.1202786418521276,0.2524369386385372,0.7727283627059952,0.2125014442963116,,,,0.5487804878048781,0.0909826122118883,0.1585365853658536,0.2432432432432432,0.717391304347826,0.4814814814814814,0.1487504958349861,0.0987654320987654,0.2826086956521739,0.7567567567567568,103.0,86.0,0.0,,,,,,,,,,,,,,,,,,,,,,,,,,,,,,,,,,,,,,,,,,,,,,,,,,,,,,,,,,,,,,,,,,,,,,,,,,,,2025-04-23 19:00:00,Boston Celtics_vs_Orlando Magic_vs_2025,East First Round,Game 2,109,100,First Round,Eastern,Eastern,True,True,Boston Celtics,Boston Celtics
42400162,2025,Los Angeles Lakers,Minnesota Timberwolves,3.0,6.0,True,True,2,1.0,0.5581055098736905,0.1203752657423463,0.2305396151391905,0.7450589432422474,0.2174557529966735,0.5565076749943708,0.124347008018063,0.2556939144770764,0.7523160875319653,0.1990115453629053,,,,0.4879518072289157,0.1261645962732919,0.1686746987951807,0.2826086956521739,0.6944444444444444,0.6337209302325582,0.099601593625498,0.0930232558139534,0.3055555555555556,0.717391304347826,95.0,117.0,1.0,,,,,,,,,,,,,,,,,,,,,,,,,,,,,,,,,,,,,,,,,,,,,,,,,,,,,,,,,,,,,,,,,,,,,,,,,,,,2025-04-22 22:00:00,Los Angeles Lakers_vs_Minnesota Timberwolves_vs_2025,West First Round,Game 2,94,85,First Round,Western,Western,True,True,Los Angeles Lakers,Los Angeles Lakers
42400142,2025,Oklahoma City Thunder,Memphis Grizzlies,1.0,8.0,True,True,2,1.0,0.5581594613975414,0.0980068811549895,0.2382942231241037,0.747758760424753,0.1822653182514745,0.5544037322682288,0.1260509788846652,0.2861889776142628,0.7516919731499652,0.1987069567781037,,,,0.5909090909090909,0.1243781094527363,0.1414141414141414,0.2857142857142857,0.7636363636363637,0.3763440860215054,0.182906551380113,0.1075268817204301,0.2363636363636363,0.7142857142857143,131.0,80.0,0.0,,,,,,,,,,,,,,,,,,,,,,,,,,,,,,,,,,,,,,,,,,,,,,,,,,,,,,,,,,,,,,,,,,,,,,,,,,,,2025-04-22 19:30:00,Oklahoma City Thunder_vs_Memphis Grizzlies_vs_2025,West First Round,Game 2,118,99,First Round,Western,Western,True,True,Oklahoma City Thunder,Oklahoma City Thunder
42400132,2025,Indiana Pacers,Milwaukee Bucks,4.0,5.0,True,True,2,1.0,0.5622493143037851,0.1097941363664756,0.2115510400062374,0.7468470321126954,0.1923640118520674,0.5707657893237635,0.1182210867783272,0.1907593586665259,0.7631686768831937,0.2044242587321111,,,,0.5987654320987654,0.0513136288998357,0.2469135802469135,0.131578947368421,0.8260869565217391,0.4702380952380952,0.0940556809631301,0.2261904761904762,0.1739130434782608,0.868421052631579,117.0,98.0,0.0,,,,,,,,,,,,,,,,,,,,,,,,,,,,,,,,,,,,,,,,,,,,,,,,,,,,,,,,,,,,,,,,,,,,,,,,,,,,2025-04-22 19:00:00,Indiana Pacers_vs_Milwaukee Bucks_vs_2025,East First Round,Game 2,123,115,First Round,Eastern,Eastern,True,True,Indiana Pacers,Indiana Pacers
42400172,2025,Denver Nuggets,Los Angeles Clippers,4.0,5.0,True,False,2,1.0,0.5746145427039192,0.1192318310051288,0.2665565798549045,0.7472582806684616,0.2025145635283618,0.5556264875483019,0.1262884165993449,0.2439898057377592,0.7772864684204371,0.2016721788618986,,,,0.4840425531914893,0.0941136208076659,0.2234042553191489,0.2666666666666666,0.75,0.5697674418604651,0.1769285208775654,0.1395348837209302,0.25,0.7333333333333333,112.0,110.0,0.0,,,,,,,,,,,,,,,,,,,,,,,,,,,,,,,,,,,,,,,,,,,,,,,,,,,,,,,,,,,,,,,,,,,,,,,,,,,,2025-04-21 22:00:00,Denver Nuggets_vs_Los Angeles Clippers_vs_2025,West First Round,Game 2,102,105,First Round,Western,Western,False,True,Denver Nuggets,Los Angeles Clippers
42400122,2025,New York Knicks,Detroit Pistons,3.0,6.0,True,False,2,1.0,0.5573323517857001,0.1103193586209133,0.2569181580584944,0.7479974537078781,0.1884116681945858,0.548780819500136,0.1242617126027715,0.2594570567736945,0.7630740648939247,0.1948336306979154,,,,0.5806451612903226,0.0822067957617829,0.1612903225806451,0.2352941176470588,0.717948717948718,0.563953488372093,0.1669595782073814,0.1744186046511628,0.282051282051282,0.7647058823529411,123.0,112.0,0.0,,,,,,,,,,,,,,,,,,,,,,,,,,,,,,,,,,,,,,,,,,,,,,,,,,,,,,,,,,,,,,,,,,,,,,,,,,,,2025-04-21 19:30:00,New York Knicks_vs_Detroit Pistons_vs_2025,East First Round,Game 2,94,100,First Round,Eastern,Eastern,False,True,New York Knicks,Detroit Pistons
42400157,2025,Houston Rockets,Golden State Warriors,2.0,7.0,True,False,7,1.0,0.5229791546354807,0.1111303229978362,0.3160251095024033,0.7631315491103853,0.1797425119189189,0.5370703856058747,0.116518717747751,0.2715094236717492,0.7588613111513853,0.1893766082715259,,,,,,,,,,,,,,,,,0.525079805252219,0.1172890521818453,0.2592267618330168,0.3145799139220191,0.7487743638843235,0.5141117095173271,0.1139361813958345,0.1656265638224408,0.2512256361156765,0.6854200860779809,3.0,3.0,,,,,,,,,,,,,,,,,,,,,,,,,,,,,,,,,,,,,,,,,,,,,,,,,,,,,,,,,,,,,,,,2025-05-04 20:30:00,Houston Rockets_vs_Golden State Warriors_vs_2025,West First Round,Game 7,89,103,First Round,Western,Western,False,True,Houston Rockets,Golden State Warriors
42400177,2025,Denver Nuggets,Los Angeles Clippers,4.0,5.0,True,True,7,1.0,0.5746145427039192,0.1192318310051288,0.2665565798549045,0.7472582806684616,0.2025145635283618,0.5556264875483019,0.1262884165993449,0.2439898057377592,0.7772864684204371,0.2016721788618986,,,,,,,,,,,,,,,,,0.5420933940569997,0.1256900575036602,0.164934217604985,0.279563492063492,0.7447525062656641,0.5633638789249956,0.1055220422847163,0.1636287651691146,0.2552474937343358,0.7204365079365079,3.0,3.0,,,,,,,,,,,,,,,,,,,,,,,,,,,,,,,,,,,,,,,,,,,,,,,,,,,,,,,,,,,,,,,,2025-05-03 19:30:00,Denver Nuggets_vs_Los Angeles Clippers_vs_2025,West First Round,Game 7,120,101,First Round,Western,Western,True,True,Denver Nuggets,Denver Nuggets
42400156,2025,Golden State Warriors,Houston Rockets,7.0,2.0,False,False,6,1.0,0.5370703856058747,0.116518717747751,0.2715094236717492,0.7588613111513853,0.1893766082715259,0.5229791546354807,0.1111303229978362,0.3160251095024033,0.7631315491103853,0.1797425119189189,,,,,,,,,,,,,,,,,0.5180451625319036,0.1090609003859281,0.158751876586929,0.2473040966721451,0.6775041032935769,0.5249675611744576,0.1206077194472148,0.2264567295842355,0.322495896706423,0.7526959033278549,3.0,2.0,,,,,,,,,,,,,,,,,,,,,,,,,,,,,,,,,,,,,,,,,,,,,,,,,,,,,,,,,,,,,,,,2025-05-02 21:00:00,Golden State Warriors_vs_Houston Rockets_vs_2025,West First Round,Game 6,107,115,First Round,Western,Western,False,False,Houston Rockets,Houston Rockets
42400176,2025,Los Angeles Clippers,Denver Nuggets,5.0,4.0,False,True,6,1.0,0.5556264875483019,0.1262884165993449,0.2439898057377592,0.7772864684204371,0.2016721788618986,0.5746145427039192,0.1192318310051288,0.2665565798549045,0.7472582806684616,0.2025145635283618,,,,,,,,,,,,,,,,,0.5620831663379018,0.1125702258420612,0.1661219600634026,0.2589285714285714,0.7200793650793651,0.5326549300112569,0.1268184651628556,0.1836353468402678,0.2799206349206349,0.7410714285714286,2.0,3.0,,,,,,,,,,,,,,,,,,,,,,,,,,,,,,,,,,,,,,,,,,,,,,,,,,,,,,,,,,,,,,,,2025-05-01 22:00:00,Los Angeles Clippers_vs_Denver Nuggets_vs_2025,West First Round,Game 6,111,105,First Round,Western,Western,True,True,Los Angeles Clippers,Los Angeles Clippers
42400126,2025,Detroit Pistons,New York Knicks,6.0,3.0,False,False,6,1.0,0.548780819500136,0.1242617126027715,0.2594570567736945,0.7630740648939247,0.1948336306979154,0.5573323517857001,0.1103193586209133,0.2569181580584944,0.7479974537078781,0.1884116681945858,,,,,,,,,,,,,,,,,0.5075555866595538,0.1414572381482042,0.2562319912251513,0.2925035833731486,0.7678267517574682,0.5072775306158651,0.1012293412276543,0.1919607333660846,0.2321732482425318,0.7074964166268514,2.0,3.0,,,,,,,,,,,,,,,,,,,,,,,,,,,,,,,,,,,,,,,,,,,,,,,,,,,,,,,,,,,,,,,,2025-05-01 19:30:00,Detroit Pistons_vs_New York Knicks_vs_2025,East First Round,Game 6,113,116,First Round,Eastern,Eastern,False,False,New York Knicks,New York Knicks
42400165,2025,Los Angeles Lakers,Minnesota Timberwolves,3.0,6.0,True,False,5,1.0,0.5581055098736905,0.1203752657423463,0.2305396151391905,0.7450589432422474,0.2174557529966735,0.5565076749943708,0.124347008018063,0.2556939144770764,0.7523160875319653,0.1990115453629053,,,,,,,,,,,,,,,,,0.5333421184738956,0.1265193702359309,0.2192520080321285,0.2509159460885803,0.7187330623306233,0.5250145975602261,0.0904258746635861,0.199977966625008,0.2812669376693767,0.7490840539114196,1.0,3.0,,,,,,,,,,,,,,,,,,,,,,,,,,,,,,,,,,,,,,,,,,,,,,,,,,,,,,,,,,,,,,,,2025-04-30 22:00:00,Los Angeles Lakers_vs_Minnesota Timberwolves_vs_2025,West First Round,Game 5,96,103,First Round,Western,Western,False,True,Los Angeles Lakers,Minnesota Timberwolves
42400155,2025,Houston Rockets,Golden State Warriors,2.0,7.0,True,True,5,1.0,0.5229791546354807,0.1111303229978362,0.3160251095024033,0.7631315491103853,0.1797425119189189,0.5370703856058747,0.116518717747751,0.2715094236717492,0.7588613111513853,0.1893766082715259,,,,,,,,,,,,,,,,,0.4975556053142259,0.1226487047812824,0.1805068094161919,0.3406198708830287,0.8024770220169614,0.524983637630899,0.1086974548161645,0.16203207874337,0.1975229779830385,0.6593801291169712,1.0,3.0,,,,,,,,,,,,,,,,,,,,,,,,,,,,,,,,,,,,,,,,,,,,,,,,,,,,,,,,,,,,,,,,2025-04-30 19:30:00,Houston Rockets_vs_Golden State Warriors_vs_2025,West First Round,Game 5,131,116,First Round,Western,Western,True,True,Houston Rockets,Houston Rockets
42400175,2025,Denver Nuggets,Los Angeles Clippers,4.0,5.0,True,True,5,1.0,0.5746145427039192,0.1192318310051288,0.2665565798549045,0.7472582806684616,0.2025145635283618,0.5556264875483019,0.1262884165993449,0.2439898057377592,0.7772864684204371,0.2016721788618986,,,,,,,,,,,,,,,,,0.5015744764675595,0.1371189718645285,0.1772186021549859,0.294345238095238,0.7388392857142857,0.5547381042638406,0.1167480583761962,0.1527744012987655,0.2611607142857142,0.705654761904762,2.0,2.0,,,,,,,,,,,,,,,,,,,,,,,,,,,,,,,,,,,,,,,,,,,,,,,,,,,,,,,,,,,,,,,,2025-04-29 22:00:00,Denver Nuggets_vs_Los Angeles Clippers_vs_2025,West First Round,Game 5,131,115,First Round,Western,Western,True,True,Denver Nuggets,Denver Nuggets
42400115,2025,Boston Celtics,Orlando Magic,2.0,7.0,True,True,5,1.0,0.5618577799381598,0.1032607729085805,0.2558424397519852,0.7601602568082985,0.1709751502038617,0.510347938343158,0.1202786418521276,0.2524369386385372,0.7727283627059952,0.2125014442963116,,,,,,,,,,,,,,,,,0.5185317470378447,0.1174153418113891,0.2747238033061203,0.2646798584298584,0.762409420289855,0.4837195542455607,0.1084226455052006,0.1674247082771423,0.2375905797101449,0.7353201415701416,3.0,1.0,,,,,,,,,,,,,,,,,,,,,,,,,,,,,,,,,,,,,,,,,,,,,,,,,,,,,,,,,,,,,,,,2025-04-29 20:30:00,Boston Celtics_vs_Orlando Magic_vs_2025,East First Round,Game 5,120,89,First Round,Eastern,Eastern,True,True,Boston Celtics,Boston Celtics
42400125,2025,New York Knicks,Detroit Pistons,3.0,6.0,True,False,5,1.0,0.5573323517857001,0.1103193586209133,0.2569181580584944,0.7479974537078781,0.1884116681945858,0.548780819500136,0.1242617126027715,0.2594570567736945,0.7630740648939247,0.1948336306979154,,,,,,,,,,,,,,,,,0.5132635799364982,0.0982462865624231,0.1955064722631613,0.2120915603031648,0.699587912087912,0.5167974245009128,0.1482727072073916,0.2438194007961449,0.3004120879120879,0.7879084396968352,3.0,1.0,,,,,,,,,,,,,,,,,,,,,,,,,,,,,,,,,,,,,,,,,,,,,,,,,,,,,,,,,,,,,,,,2025-04-29 19:30:00,New York Knicks_vs_Detroit Pistons_vs_2025,East First Round,Game 5,103,106,First Round,Eastern,Eastern,False,True,New York Knicks,Detroit Pistons
42400135,2025,Indiana Pacers,Milwaukee Bucks,4.0,5.0,True,True,5,1.0,0.5622493143037851,0.1097941363664756,0.2115510400062374,0.7468470321126954,0.1923640118520674,0.5707657893237635,0.1182210867783272,0.1907593586665259,0.7631686768831937,0.2044242587321111,,,,,,,,,,,,,,,,,0.5982355347315187,0.0911090653482687,0.1754164807377658,0.1609397055858035,0.7786147623862487,0.5281561917676796,0.1035061063762979,0.1837915813361376,0.2213852376137512,0.8390602944141964,3.0,1.0,,,,,,,,,,,,,,,,,,,,,,,,,,,,,,,,,,,,,,,,,,,,,,,,,,,,,,,,,,,,,,,,2025-04-29 18:00:00,Indiana Pacers_vs_Milwaukee Bucks_vs_2025,East First Round,Game 5,119,118,First Round,Eastern,Eastern,True,True,Indiana Pacers,Indiana Pacers
42400154,2025,Golden State Warriors,Houston Rockets,7.0,2.0,False,True,4,1.0,0.5370703856058747,0.116518717747751,0.2715094236717492,0.7588613111513853,0.1893766082715259,0.5229791546354807,0.1111303229978362,0.3160251095024033,0.7631315491103853,0.1797425119189189,,,,,,,,,,,,,,,,,0.5274975633528265,0.1192097751458326,0.1385233918128654,0.1822828895629703,0.6598752598752599,0.475095785440613,0.1217202079445787,0.1584246636371736,0.3401247401247401,0.8177171104370297,2.0,1.0,,,,,,,,,,,,,,,,,,,,,,,,,,,,,,,,,,,,,,,,,,,,,,,,,,,,,,,,,,,,,,,,2025-04-28 22:00:00,Golden State Warriors_vs_Houston Rockets_vs_2025,West First Round,Game 4,109,106,First Round,Western,Western,True,False,Houston Rockets,Golden State Warriors
42400104,2025,Miami Heat,Cleveland Cavaliers,8.0,1.0,False,False,4,1.0,0.5449073402005499,0.1167907365701353,0.2208507433126192,0.7588217101010372,0.1858869173878394,0.5789728832627004,0.1108683464899944,0.2583481745605887,0.7496354993187085,0.1898286370343472,,,,,,,,,,,,,,,,,0.5707832466969894,0.1452174433469882,0.1175844704353476,0.218957824220982,0.7090733590733591,0.615161828151051,0.0784032887261515,0.2004997507691778,0.2909266409266409,0.7810421757790179,0.0,3.0,,,,,,,,,,,,,,,,,,,,,,,,,,,,,,,,,,,,,,,,,,,,,,,,,,,,,,,,,,,,,,,,2025-04-28 19:30:00,Miami Heat_vs_Cleveland Cavaliers_vs_2025,East First Round,Game 4,83,138,First Round,Eastern,Eastern,False,False,Cleveland Cavaliers,Cleveland Cavaliers
42400134,2025,Milwaukee Bucks,Indiana Pacers,5.0,4.0,False,False,4,1.0,0.5707657893237635,0.1182210867783272,0.1907593586665259,0.7631686768831937,0.2044242587321111,0.5622493143037851,0.1097941363664756,0.2115510400062374,0.7468470321126954,0.1923640118520674,,,,,,,,,,,,,,,,,0.5375415890235727,0.115459501195971,0.1926209848526779,0.2285136501516683,0.8428849902534113,0.5606995884773662,0.0847091321905249,0.1897119341563785,0.1571150097465886,0.7714863498483316,1.0,2.0,,,,,,,,,,,,,,,,,,,,,,,,,,,,,,,,,,,,,,,,,,,,,,,,,,,,,,,,,,,,,,,,2025-04-27 21:30:00,Milwaukee Bucks_vs_Indiana Pacers_vs_2025,East First Round,Game 4,103,129,First Round,Eastern,Eastern,False,True,Milwaukee Bucks,Indiana Pacers
42400114,2025,Orlando Magic,Boston Celtics,7.0,2.0,False,False,4,1.0,0.510347938343158,0.1202786418521276,0.2524369386385372,0.7727283627059952,0.2125014442963116,0.5618577799381598,0.1032607729085805,0.2558424397519852,0.7601602568082985,0.1709751502038617,,,,,,,,,,,,,,,,,0.4858684965698385,0.1133525410731014,0.1702026413392201,0.261231884057971,0.7343951093951094,0.5268457481872116,0.1238996616001384,0.2380932762030322,0.2656048906048906,0.7387681159420291,1.0,2.0,,,,,,,,,,,,,,,,,,,,,,,,,,,,,,,,,,,,,,,,,,,,,,,,,,,,,,,,,,,,,,,,2025-04-27 19:00:00,Orlando Magic_vs_Boston Celtics_vs_2025,East First Round,Game 4,98,107,First Round,Eastern,Eastern,False,False,Boston Celtics,Boston Celtics
42400164,2025,Minnesota Timberwolves,Los Angeles Lakers,6.0,3.0,False,True,4,1.0,0.5565076749943708,0.124347008018063,0.2556939144770764,0.7523160875319653,0.1990115453629053,0.5581055098736905,0.1203752657423463,0.2305396151391905,0.7450589432422474,0.2174557529966735,,,,,,,,,,,,,,,,,0.5333527967469681,0.0941407715739992,0.1703409925370478,0.2500225835591689,0.7527469925168134,0.5215394912985275,0.1356891933178748,0.2006693440428379,0.2472530074831865,0.749977416440831,2.0,1.0,,,,,,,,,,,,,,,,,,,,,,,,,,,,,,,,,,,,,,,,,,,,,,,,,,,,,,,,,,,,,,,,2025-04-27 15:30:00,Minnesota Timberwolves_vs_Los Angeles Lakers_vs_2025,West First Round,Game 4,116,113,First Round,Western,Western,True,True,Minnesota Timberwolves,Minnesota Timberwolves
42400124,2025,Detroit Pistons,New York Knicks,6.0,3.0,False,False,4,1.0,0.548780819500136,0.1242617126027715,0.2594570567736945,0.7630740648939247,0.1948336306979154,0.5573323517857001,0.1103193586209133,0.2569181580584944,0.7479974537078781,0.1884116681945858,,,,,,,,,,,,,,,,,0.5323172009218521,0.1454599714584298,0.2695369788393044,0.2838827838827839,0.7941343298521905,0.5323367879006788,0.1003915477093784,0.2203822560578415,0.2058656701478095,0.7161172161172161,1.0,2.0,,,,,,,,,,,,,,,,,,,,,,,,,,,,,,,,,,,,,,,,,,,,,,,,,,,,,,,,,,,,,,,,2025-04-27 13:00:00,Detroit Pistons_vs_New York Knicks_vs_2025,East First Round,Game 4,93,94,First Round,Eastern,Eastern,False,False,New York Knicks,New York Knicks
42400153,2025,Golden State Warriors,Houston Rockets,7.0,2.0,False,True,3,1.0,0.5370703856058747,0.116518717747751,0.2715094236717492,0.7588613111513853,0.1893766082715259,0.5229791546354807,0.1111303229978362,0.3160251095024033,0.7631315491103853,0.1797425119189189,,,,,,,,,,,,,,,,,0.5356907894736842,0.1319103475217508,0.1411184210526315,0.1647286821705426,0.6398128898128899,0.4829925153702218,0.1192662742902401,0.1562416466185511,0.3601871101871102,0.8352713178294574,1.0,1.0,,,,,,,,,,,,,,,,,,,,,,,,,,,,,,,,,,,,,,,,,,,,,,,,,,,,,,,,,,,,,,,,2025-04-26 20:30:00,Golden State Warriors_vs_Houston Rockets_vs_2025,West First Round,Game 3,104,93,First Round,Western,Western,True,False,Houston Rockets,Golden State Warriors
42400174,2025,Los Angeles Clippers,Denver Nuggets,5.0,4.0,False,False,4,1.0,0.5556264875483019,0.1262884165993449,0.2439898057377592,0.7772864684204371,0.2016721788618986,0.5746145427039192,0.1192318310051288,0.2665565798549045,0.7472582806684616,0.2025145635283618,,,,,,,,,,,,,,,,,0.5729841390184541,0.1268290143977887,0.1620325350650206,0.2579365079365079,0.7027777777777778,0.4963521755199643,0.1451036813342714,0.1941458756702494,0.2972222222222222,0.7420634920634921,2.0,1.0,,,,,,,,,,,,,,,,,,,,,,,,,,,,,,,,,,,,,,,,,,,,,,,,,,,,,,,,,,,,,,,,2025-04-26 18:00:00,Los Angeles Clippers_vs_Denver Nuggets_vs_2025,West First Round,Game 4,99,101,First Round,Western,Western,False,True,Los Angeles Clippers,Denver Nuggets
42400144,2025,Memphis Grizzlies,Oklahoma City Thunder,8.0,1.0,False,False,4,1.0,0.5544037322682288,0.1260509788846652,0.2861889776142628,0.7516919731499652,0.1987069567781037,0.5581594613975414,0.0980068811549895,0.2382942231241037,0.747758760424753,0.1822653182514745,,,,,,,,,,,,,,,,,0.4593109528982051,0.1512420603454787,0.1644887478544687,0.2162878787878787,0.7050092764378478,0.5415955168862147,0.0941056855944287,0.1779520006264192,0.2949907235621521,0.7837121212121212,0.0,3.0,,,,,,,,,,,,,,,,,,,,,,,,,,,,,,,,,,,,,,,,,,,,,,,,,,,,,,,,,,,,,,,,2025-04-26 15:30:00,Memphis Grizzlies_vs_Oklahoma City Thunder_vs_2025,West First Round,Game 4,115,117,First Round,Western,Western,False,False,Oklahoma City Thunder,Oklahoma City Thunder
42400103,2025,Miami Heat,Cleveland Cavaliers,8.0,1.0,False,False,3,1.0,0.5449073402005499,0.1167907365701353,0.2208507433126192,0.7588217101010372,0.1858869173878394,0.5789728832627004,0.1108683464899944,0.2583481745605887,0.7496354993187085,0.1898286370343472,,,,,,,,,,,,,,,,,0.593016975308642,0.1348386131532624,0.130324074074074,0.2626472626472625,0.7392857142857143,0.6116962305986696,0.074252331933158,0.2019124168514412,0.2607142857142857,0.7373527373527373,0.0,2.0,,,,,,,,,,,,,,,,,,,,,,,,,,,,,,,,,,,,,,,,,,,,,,,,,,,,,,,,,,,,,,,,2025-04-26 13:00:00,Miami Heat_vs_Cleveland Cavaliers_vs_2025,East First Round,Game 3,87,124,First Round,Eastern,Eastern,False,False,Cleveland Cavaliers,Cleveland Cavaliers
42400163,2025,Minnesota Timberwolves,Los Angeles Lakers,6.0,3.0,False,True,3,1.0,0.5565076749943708,0.124347008018063,0.2556939144770764,0.7523160875319653,0.1990115453629053,0.5581055098736905,0.1203752657423463,0.2305396151391905,0.7450589432422474,0.2174557529966735,,,,,,,,,,,,,,,,,0.5225566676479246,0.1042562423573034,0.1730939063879893,0.2625338753387534,0.7263427109974425,0.4906425702811244,0.1257127783036605,0.2176706827309236,0.2736572890025575,0.7374661246612466,1.0,1.0,,,,,,,,,,,,,,,,,,,,,,,,,,,,,,,,,,,,,,,,,,,,,,,,,,,,,,,,,,,,,,,,2025-04-25 21:30:00,Minnesota Timberwolves_vs_Los Angeles Lakers_vs_2025,West First Round,Game 3,116,104,First Round,Western,Western,True,True,Minnesota Timberwolves,Minnesota Timberwolves
42400133,2025,Milwaukee Bucks,Indiana Pacers,5.0,4.0,False,True,3,1.0,0.5707657893237635,0.1182210867783272,0.1907593586665259,0.7631686768831937,0.2044242587321111,0.5622493143037851,0.1097941363664756,0.2115510400062374,0.7468470321126954,0.1923640118520674,,,,,,,,,,,,,,,,,0.5282224958949097,0.1149872460632975,0.187807881773399,0.2264914054600606,0.8421052631578947,0.5882716049382716,0.0632649378045624,0.2290123456790123,0.1578947368421052,0.7735085945399394,0.0,2.0,,,,,,,,,,,,,,,,,,,,,,,,,,,,,,,,,,,,,,,,,,,,,,,,,,,,,,,,,,,,,,,,2025-04-25 20:00:00,Milwaukee Bucks_vs_Indiana Pacers_vs_2025,East First Round,Game 3,117,101,First Round,Eastern,Eastern,True,True,Milwaukee Bucks,Milwaukee Bucks
42400113,2025,Orlando Magic,Boston Celtics,7.0,2.0,False,True,3,1.0,0.510347938343158,0.1202786418521276,0.2524369386385372,0.7727283627059952,0.2125014442963116,0.5618577799381598,0.1032607729085805,0.2558424397519852,0.7601602568082985,0.1709751502038617,,,,,,,,,,,,,,,,,0.4998870822041553,0.1095299285121093,0.140846130683529,0.2288043478260869,0.7158783783783784,0.536890243902439,0.0933290405108427,0.2355182926829268,0.2841216216216216,0.771195652173913,0.0,2.0,,,,,,,,,,,,,,,,,,,,,,,,,,,,,,,,,,,,,,,,,,,,,,,,,,,,,,,,,,,,,,,,2025-04-25 19:00:00,Orlando Magic_vs_Boston Celtics_vs_2025,East First Round,Game 3,95,93,First Round,Eastern,Eastern,True,False,Boston Celtics,Orlando Magic
42400173,2025,Los Angeles Clippers,Denver Nuggets,5.0,4.0,False,True,3,1.0,0.5556264875483019,0.1262884165993449,0.2439898057377592,0.7772864684204371,0.2016721788618986,0.5746145427039192,0.1192318310051288,0.2665565798549045,0.7472582806684616,0.2025145635283618,,,,,,,,,,,,,,,,,0.5642954856361149,0.1427691577531586,0.1285909712722298,0.2083333333333333,0.6791666666666667,0.5205022892539725,0.1390700603118197,0.2003097225962833,0.3208333333333333,0.7916666666666667,1.0,1.0,,,,,,,,,,,,,,,,,,,,,,,,,,,,,,,,,,,,,,,,,,,,,,,,,,,,,,,,,,,,,,,,2025-04-24 22:00:00,Los Angeles Clippers_vs_Denver Nuggets_vs_2025,West First Round,Game 3,117,83,First Round,Western,Western,True,False,Denver Nuggets,Los Angeles Clippers
42400143,2025,Memphis Grizzlies,Oklahoma City Thunder,8.0,1.0,False,False,3,1.0,0.5544037322682288,0.1260509788846652,0.2861889776142628,0.7516919731499652,0.1987069567781037,0.5581594613975414,0.0980068811549895,0.2382942231241037,0.747758760424753,0.1822653182514745,,,,,,,,,,,,,,,,,0.4299302847689944,0.1544255678814922,0.1142030012997754,0.2119318181818181,0.6938775510204082,0.5478583916083917,0.0918400205006819,0.1332070707070707,0.3061224489795918,0.7880681818181818,0.0,2.0,,,,,,,,,,,,,,,,,,,,,,,,,,,,,,,,,,,,,,,,,,,,,,,,,,,,,,,,,,,,,,,,2025-04-24 21:30:00,Memphis Grizzlies_vs_Oklahoma City Thunder_vs_2025,West First Round,Game 3,108,114,First Round,Western,Western,False,False,Oklahoma City Thunder,Oklahoma City Thunder
42400123,2025,Detroit Pistons,New York Knicks,6.0,3.0,False,False,3,1.0,0.548780819500136,0.1242617126027715,0.2594570567736945,0.7630740648939247,0.1948336306979154,0.5573323517857001,0.1103193586209133,0.2569181580584944,0.7479974537078781,0.1884116681945858,,,,,,,,,,,,,,,,,0.5252199874292898,0.1556229210775267,0.2763984915147706,0.2948717948717948,0.8009575923392613,0.531063321385902,0.1088278560852258,0.1794105933890879,0.1990424076607387,0.7051282051282051,1.0,1.0,,,,,,,,,,,,,,,,,,,,,,,,,,,,,,,,,,,,,,,,,,,,,,,,,,,,,,,,,,,,,,,,2025-04-24 19:00:00,Detroit Pistons_vs_New York Knicks_vs_2025,East First Round,Game 3,116,118,First Round,Eastern,Eastern,False,False,New York Knicks,New York Knicks
42400231,2025,Minnesota Timberwolves,Golden State Warriors,,,True,False,1,2.0,0.5565076749943708,0.124347008018063,0.2556939144770764,0.7523160875319653,0.1990115453629053,0.5370703856058747,0.116518717747751,0.2715094236717492,0.7588613111513853,0.1893766082715259,,,,,,,,,,,,,,,,,,,,,,,,,,,,,0.5087757229920011,0.091551317963492,0.2139149575696693,0.3016092948163524,0.7629036067654994,0.5242908729660714,0.1084168990277549,0.1541607480847402,0.2257892212001966,0.6895437472505141,5.0,7.0,2.0,,,,,,,,,,,,,,,,,,,,,,,,,,,,,,,,,,,,,,,,,,,,,,,,,,,2025-05-06 21:30:00,Minnesota Timberwolves_vs_Golden State Warriors_vs_2025,West Conf. Semifinals,Game 1,88,99,Conference Semifinals,Western,Western,False,True,Minnesota Timberwolves,Golden State Warriors
42400221,2025,Oklahoma City Thunder,Denver Nuggets,,,True,False,1,2.0,0.5581594613975414,0.0980068811549895,0.2382942231241037,0.747758760424753,0.1822653182514745,0.5746145427039192,0.1192318310051288,0.2665565798549045,0.7472582806684616,0.2025145635283618,,,,,,,,,,,,,,,,,,,,,,,,,,,,,0.5245477014944482,0.0876150393235898,0.2079320855761973,0.2778468162565197,0.7571389296187683,0.5479848139536189,0.1231450300254828,0.1651817103280824,0.2770408163265306,0.763359291084855,4.0,7.0,3.0,,,,,,,,,,,,,,,,,,,,,,,,,,,,,,,,,,,,,,,,,,,,,,,,,,,2025-05-05 21:30:00,Oklahoma City Thunder_vs_Denver Nuggets_vs_2025,West Conf. Semifinals,Game 1,119,121,Conference Semifinals,Western,Western,False,True,Oklahoma City Thunder,Denver Nuggets
42400211,2025,Boston Celtics,New York Knicks,,,True,False,1,2.0,0.5618577799381598,0.1032607729085805,0.2558424397519852,0.7601602568082985,0.1709751502038617,0.5573323517857001,0.1103193586209133,0.2569181580584944,0.7479974537078781,0.1884116681945858,,,,,,,,,,,,,,,,,,,,,,,,,,,,,0.5450885555250126,0.1164824989513662,0.2750422005396331,0.2304938867438867,0.749927536231884,0.5118785623349263,0.1075059325045267,0.2064789057120472,0.2438653037680013,0.7284692360779318,5.0,6.0,1.0,,,,,,,,,,,,,,,,,,,,,,,,,,,,,,,,,,,,,,,,,,,,,,,,,,,2025-05-05 19:00:00,Boston Celtics_vs_New York Knicks_vs_2025,East Conf. Semifinals,Game 1,105,108,Conference Semifinals,Eastern,Eastern,False,True,Boston Celtics,New York Knicks
42400201,2025,Cleveland Cavaliers,Indiana Pacers,,,True,False,1,2.0,0.5789728832627004,0.1108683464899944,0.2583481745605887,0.7496354993187085,0.1898286370343472,0.5622493143037851,0.1097941363664756,0.2115510400062374,0.7468470321126954,0.1923640118520674,,,,,,,,,,,,,,,,,,,,,,,,,,,,,0.629976022276079,0.0842654295075766,0.2143283014489764,0.270826559642349,0.7711264594204703,0.5839647718712364,0.0933441223774898,0.1854944749127933,0.1654864583461938,0.769830585419203,4.0,5.0,1.0,,,,,,,,,,,,,,,,,,,,,,,,,,,,,,,,,,,,,,,,,,,,,,,,,,,2025-05-04 18:00:00,Cleveland Cavaliers_vs_Indiana Pacers_vs_2025,East Conf. Semifinals,Game 1,112,121,Conference Semifinals,Eastern,Eastern,False,True,Cleveland Cavaliers,Indiana Pacers
42400227,2025,Oklahoma City Thunder,Denver Nuggets,,,True,True,7,2.0,0.5581594613975414,0.0980068811549895,0.2382942231241037,0.747758760424753,0.1822653182514745,0.5746145427039192,0.1192318310051288,0.2665565798549045,0.7472582806684616,0.2025145635283618,,,,,,,,,,,,,,,,,,,,,,,,,,,3.0,3.0,0.5245477014944482,0.0876150393235898,0.2079320855761973,0.2778468162565197,0.7571389296187683,0.5479848139536189,0.1231450300254828,0.1651817103280824,0.2770408163265306,0.763359291084855,,,,0.5147846261403523,0.0996447971867514,0.2121850318086383,0.2330878804079039,0.7344138718651939,0.4847850706973939,0.1339502526913387,0.2596268480829757,0.2655861281348061,0.7669121195920959,,,,,,,,,,,,,,,,,,,,,,,,,,,,,,,,,,,,,,,,,2025-05-18 15:30:00,Oklahoma City Thunder_vs_Denver Nuggets_vs_2025,West Conf. Semifinals,Game 7,125,93,Conference Semifinals,Western,Western,True,True,Oklahoma City Thunder,Oklahoma City Thunder
42400216,2025,New York Knicks,Boston Celtics,,,False,True,6,2.0,0.5573323517857001,0.1103193586209133,0.2569181580584944,0.7479974537078781,0.1884116681945858,0.5618577799381598,0.1032607729085805,0.2558424397519852,0.7601602568082985,0.1709751502038617,,,,,,,,,,,,,,,,,,,,,,,,,,,3.0,2.0,0.5118785623349263,0.1075059325045267,0.2064789057120472,0.2438653037680013,0.7284692360779318,0.5450885555250126,0.1164824989513662,0.2750422005396331,0.2304938867438867,0.749927536231884,,,,0.4955182125776043,0.1108246469251915,0.2162626740032223,0.2877544409459303,0.7096086630297156,0.5389673841489099,0.1039972096265886,0.1956147742481133,0.2903913369702843,0.7122455590540697,,,,,,,,,,,,,,,,,,,,,,,,,,,,,,,,,,,,,,,,,2025-05-16 20:00:00,New York Knicks_vs_Boston Celtics_vs_2025,East Conf. Semifinals,Game 6,119,81,Conference Semifinals,Eastern,Eastern,True,True,New York Knicks,New York Knicks
42400226,2025,Denver Nuggets,Oklahoma City Thunder,,,False,True,6,2.0,0.5746145427039192,0.1192318310051288,0.2665565798549045,0.7472582806684616,0.2025145635283618,0.5581594613975414,0.0980068811549895,0.2382942231241037,0.747758760424753,0.1822653182514745,,,,,,,,,,,,,,,,,,,,,,,,,,,2.0,3.0,0.5479848139536189,0.1231450300254828,0.1651817103280824,0.2770408163265306,0.763359291084855,0.5245477014944482,0.0876150393235898,0.2079320855761973,0.2778468162565197,0.7571389296187683,,,,0.4747653406508261,0.1361961237064648,0.2487615200251522,0.2687033537617673,0.7494612101771818,0.512306768759727,0.0995810267077077,0.2328829077355834,0.2505387898228181,0.7312966462382327,,,,,,,,,,,,,,,,,,,,,,,,,,,,,,,,,,,,,,,,,2025-05-15 20:30:00,Denver Nuggets_vs_Oklahoma City Thunder_vs_2025,West Conf. Semifinals,Game 6,119,107,Conference Semifinals,Western,Western,True,True,Denver Nuggets,Denver Nuggets
42400235,2025,Minnesota Timberwolves,Golden State Warriors,,,True,True,5,2.0,0.5565076749943708,0.124347008018063,0.2556939144770764,0.7523160875319653,0.1990115453629053,0.5370703856058747,0.116518717747751,0.2715094236717492,0.7588613111513853,0.1893766082715259,,,,,,,,,,,,,,,,,,,,,,,,,,,3.0,1.0,0.5087757229920011,0.091551317963492,0.2139149575696693,0.3016092948163524,0.7629036067654994,0.5242908729660714,0.1084168990277549,0.1541607480847402,0.2257892212001966,0.6895437472505141,,,,0.5338372864660097,0.1489621469339616,0.2055750514211363,0.2684579928765975,0.6926114470825213,0.4942529806504843,0.1355962097528836,0.2248099777653885,0.3073885529174786,0.7315420071234024,,,,,,,,,,,,,,,,,,,,,,,,,,,,,,,,,,,,,,,,,2025-05-14 21:30:00,Minnesota Timberwolves_vs_Golden State Warriors_vs_2025,West Conf. Semifinals,Game 5,121,110,Conference Semifinals,Western,Western,True,True,Minnesota Timberwolves,Minnesota Timberwolves
42400215,2025,Boston Celtics,New York Knicks,,,True,True,5,2.0,0.5618577799381598,0.1032607729085805,0.2558424397519852,0.7601602568082985,0.1709751502038617,0.5573323517857001,0.1103193586209133,0.2569181580584944,0.7479974537078781,0.1884116681945858,,,,,,,,,,,,,,,,,,,,,,,,,,,1.0,3.0,0.5450885555250126,0.1164824989513662,0.2750422005396331,0.2304938867438867,0.749927536231884,0.5118785623349263,0.1075059325045267,0.2064789057120472,0.2438653037680013,0.7284692360779318,,,,0.5100187539956611,0.1106616319094926,0.1939232297149035,0.2879891712128554,0.7084887669994053,0.5113730743639808,0.1155105508296018,0.1715629104052624,0.2915112330005946,0.7120108287871446,,,,,,,,,,,,,,,,,,,,,,,,,,,,,,,,,,,,,,,,,2025-05-14 19:00:00,Boston Celtics_vs_New York Knicks_vs_2025,East Conf. Semifinals,Game 5,127,102,Conference Semifinals,Eastern,Eastern,True,True,Boston Celtics,Boston Celtics
42400225,2025,Oklahoma City Thunder,Denver Nuggets,,,True,True,5,2.0,0.5581594613975414,0.0980068811549895,0.2382942231241037,0.747758760424753,0.1822653182514745,0.5746145427039192,0.1192318310051288,0.2665565798549045,0.7472582806684616,0.2025145635283618,,,,,,,,,,,,,,,,,,,,,,,,,,,2.0,2.0,0.5245477014944482,0.0876150393235898,0.2079320855761973,0.2778468162565197,0.7571389296187683,0.5479848139536189,0.1231450300254828,0.1651817103280824,0.2770408163265306,0.763359291084855,,,,0.4970907780228295,0.0914947530416267,0.2362255858889915,0.2643929994736446,0.7425521803468105,0.4736113149887904,0.138389904887923,0.2800240649798939,0.2574478196531896,0.7356070005263554,,,,,,,,,,,,,,,,,,,,,,,,,,,,,,,,,,,,,,,,,2025-05-13 21:30:00,Oklahoma City Thunder_vs_Denver Nuggets_vs_2025,West Conf. Semifinals,Game 5,112,105,Conference Semifinals,Western,Western,True,True,Oklahoma City Thunder,Oklahoma City Thunder
42400205,2025,Cleveland Cavaliers,Indiana Pacers,,,True,False,5,2.0,0.5789728832627004,0.1108683464899944,0.2583481745605887,0.7496354993187085,0.1898286370343472,0.5622493143037851,0.1097941363664756,0.2115510400062374,0.7468470321126954,0.1923640118520674,,,,,,,,,,,,,,,,,,,,,,,,,,,1.0,3.0,0.629976022276079,0.0842654295075766,0.2143283014489764,0.270826559642349,0.7711264594204703,0.5839647718712364,0.0933441223774898,0.1854944749127933,0.1654864583461938,0.769830585419203,,,,0.5045294784580499,0.1199947169476462,0.3114965986394558,0.293132473938839,0.8088611276111276,0.5820520340374782,0.1273776992659507,0.2250691332693201,0.1911388723888724,0.706867526061161,,,,,,,,,,,,,,,,,,,,,,,,,,,,,,,,,,,,,,,,,2025-05-13 19:00:00,Cleveland Cavaliers_vs_Indiana Pacers_vs_2025,East Conf. Semifinals,Game 5,105,114,Conference Semifinals,Eastern,Eastern,False,True,Cleveland Cavaliers,Indiana Pacers
42400234,2025,Golden State Warriors,Minnesota Timberwolves,,,False,False,4,2.0,0.5370703856058747,0.116518717747751,0.2715094236717492,0.7588613111513853,0.1893766082715259,0.5565076749943708,0.124347008018063,0.2556939144770764,0.7523160875319653,0.1990115453629053,,,,,,,,,,,,,,,,,,,,,,,,,,,1.0,2.0,0.5242908729660714,0.1084168990277549,0.1541607480847402,0.2257892212001966,0.6895437472505141,0.5087757229920011,0.091551317963492,0.2139149575696693,0.3016092948163524,0.7629036067654994,,,,0.4982196604751555,0.1371344503539438,0.1899427154518906,0.3084021285276526,0.7087226761645367,0.5134708123344265,0.1407458255415784,0.1770536550594054,0.2912773238354633,0.6915978714723474,,,,,,,,,,,,,,,,,,,,,,,,,,,,,,,,,,,,,,,,,2025-05-12 22:00:00,Golden State Warriors_vs_Minnesota Timberwolves_vs_2025,West Conf. Semifinals,Game 4,110,117,Conference Semifinals,Western,Western,False,True,Golden State Warriors,Minnesota Timberwolves
42400214,2025,New York Knicks,Boston Celtics,,,False,True,4,2.0,0.5573323517857001,0.1103193586209133,0.2569181580584944,0.7479974537078781,0.1884116681945858,0.5618577799381598,0.1032607729085805,0.2558424397519852,0.7601602568082985,0.1709751502038617,,,,,,,,,,,,,,,,,,,,,,,,,,,2.0,1.0,0.5118785623349263,0.1075059325045267,0.2064789057120472,0.2438653037680013,0.7284692360779318,0.5450885555250126,0.1164824989513662,0.2750422005396331,0.2304938867438867,0.749927536231884,,,,0.4789322150940034,0.117410846689347,0.1961418515548426,0.2715645268836757,0.6790775014459225,0.4817127690406284,0.1085015953769156,0.1783955299152301,0.3209224985540775,0.7284354731163242,,,,,,,,,,,,,,,,,,,,,,,,,,,,,,,,,,,,,,,,,2025-05-12 19:30:00,New York Knicks_vs_Boston Celtics_vs_2025,East Conf. Semifinals,Game 4,121,113,Conference Semifinals,Eastern,Eastern,True,True,New York Knicks,New York Knicks
42400204,2025,Indiana Pacers,Cleveland Cavaliers,,,False,True,4,2.0,0.5622493143037851,0.1097941363664756,0.2115510400062374,0.7468470321126954,0.1923640118520674,0.5789728832627004,0.1108683464899944,0.2583481745605887,0.7496354993187085,0.1898286370343472,,,,,,,,,,,,,,,,,,,,,,,,,,,2.0,1.0,0.5839647718712364,0.0933441223774898,0.1854944749127933,0.1654864583461938,0.769830585419203,0.629976022276079,0.0842654295075766,0.2143283014489764,0.270826559642349,0.7711264594204703,,,,0.5735604181431609,0.140021786260385,0.2427445074415307,0.1864757614757615,0.6946267868849668,0.4965154950869236,0.0930829802610952,0.2486621315192743,0.3053732131150332,0.8135242385242386,,,,,,,,,,,,,,,,,,,,,,,,,,,,,,,,,,,,,,,,,2025-05-11 20:00:00,Indiana Pacers_vs_Cleveland Cavaliers_vs_2025,East Conf. Semifinals,Game 4,129,109,Conference Semifinals,Eastern,Eastern,True,True,Indiana Pacers,Indiana Pacers
42400224,2025,Denver Nuggets,Oklahoma City Thunder,,,False,False,4,2.0,0.5746145427039192,0.1192318310051288,0.2665565798549045,0.7472582806684616,0.2025145635283618,0.5581594613975414,0.0980068811549895,0.2382942231241037,0.747758760424753,0.1822653182514745,,,,,,,,,,,,,,,,,,,,,,,,,,,2.0,1.0,0.5479848139536189,0.1231450300254828,0.1651817103280824,0.2770408163265306,0.763359291084855,0.5245477014944482,0.0876150393235898,0.2079320855761973,0.2778468162565197,0.7571389296187683,,,,0.5043984199850539,0.1447060792355941,0.2650320866398585,0.2663406826145092,0.7436298468556534,0.5248566695476807,0.0804893873117575,0.2383390953615672,0.2563701531443467,0.7336593173854907,,,,,,,,,,,,,,,,,,,,,,,,,,,,,,,,,,,,,,,,,2025-05-11 15:30:00,Denver Nuggets_vs_Oklahoma City Thunder_vs_2025,West Conf. Semifinals,Game 4,87,92,Conference Semifinals,Western,Western,False,True,Denver Nuggets,Oklahoma City Thunder
42400233,2025,Golden State Warriors,Minnesota Timberwolves,,,False,False,3,2.0,0.5370703856058747,0.116518717747751,0.2715094236717492,0.7588613111513853,0.1893766082715259,0.5565076749943708,0.124347008018063,0.2556939144770764,0.7523160875319653,0.1990115453629053,,,,,,,,,,,,,,,,,,,,,,,,,,,1.0,1.0,0.5242908729660714,0.1084168990277549,0.1541607480847402,0.2257892212001966,0.6895437472505141,0.5087757229920011,0.091551317963492,0.2139149575696693,0.3016092948163524,0.7629036067654994,,,,0.5004159104658197,0.138548951048951,0.1799758015728977,0.3230683090705487,0.7387596899224806,0.5110598770382251,0.1287313344310055,0.1619219460037423,0.2612403100775193,0.6769316909294513,,,,,,,,,,,,,,,,,,,,,,,,,,,,,,,,,,,,,,,,,2025-05-10 20:30:00,Golden State Warriors_vs_Minnesota Timberwolves_vs_2025,West Conf. Semifinals,Game 3,97,102,Conference Semifinals,Western,Western,False,True,Golden State Warriors,Minnesota Timberwolves
42400213,2025,New York Knicks,Boston Celtics,,,False,False,3,2.0,0.5573323517857001,0.1103193586209133,0.2569181580584944,0.7479974537078781,0.1884116681945858,0.5618577799381598,0.1032607729085805,0.2558424397519852,0.7601602568082985,0.1709751502038617,,,,,,,,,,,,,,,,,,,,,,,,,,,2.0,0.0,0.5118785623349263,0.1075059325045267,0.2064789057120472,0.2438653037680013,0.7284692360779318,0.5450885555250126,0.1164824989513662,0.2750422005396331,0.2304938867438867,0.749927536231884,,,,0.502773322641005,0.1244245407107124,0.144212777332264,0.2264957264957264,0.676510989010989,0.4213643342838341,0.1221350088249185,0.1772318490897126,0.323489010989011,0.7735042735042735,,,,,,,,,,,,,,,,,,,,,,,,,,,,,,,,,,,,,,,,,2025-05-10 15:30:00,New York Knicks_vs_Boston Celtics_vs_2025,East Conf. Semifinals,Game 3,93,115,Conference Semifinals,Eastern,Eastern,False,True,New York Knicks,Boston Celtics
42400223,2025,Denver Nuggets,Oklahoma City Thunder,,,False,True,3,2.0,0.5746145427039192,0.1192318310051288,0.2665565798549045,0.7472582806684616,0.2025145635283618,0.5581594613975414,0.0980068811549895,0.2382942231241037,0.747758760424753,0.1822653182514745,,,,,,,,,,,,,,,,,,,,,,,,,,,1.0,1.0,0.5479848139536189,0.1231450300254828,0.1651817103280824,0.2770408163265306,0.763359291084855,0.5245477014944482,0.0876150393235898,0.2079320855761973,0.2778468162565197,0.7571389296187683,,,,0.4801270417422867,0.1531671874915803,0.2857834240774349,0.3385354141656662,0.7606060606060606,0.5733426966292134,0.0766211518691442,0.2853932584269663,0.2393939393939393,0.6614645858343338,,,,,,,,,,,,,,,,,,,,,,,,,,,,,,,,,,,,,,,,,2025-05-09 22:00:00,Denver Nuggets_vs_Oklahoma City Thunder_vs_2025,West Conf. Semifinals,Game 3,113,104,Conference Semifinals,Western,Western,True,True,Denver Nuggets,Denver Nuggets
42400203,2025,Indiana Pacers,Cleveland Cavaliers,,,False,False,3,2.0,0.5622493143037851,0.1097941363664756,0.2115510400062374,0.7468470321126954,0.1923640118520674,0.5789728832627004,0.1108683464899944,0.2583481745605887,0.7496354993187085,0.1898286370343472,,,,,,,,,,,,,,,,,,,,,,,,,,,2.0,0.0,0.5839647718712364,0.0933441223774898,0.1854944749127933,0.1654864583461938,0.769830585419203,0.629976022276079,0.0842654295075766,0.2143283014489764,0.270826559642349,0.7711264594204703,,,,0.6134656272147414,0.1498251951371504,0.2078667611622962,0.2320945945945946,0.7184107685627443,0.4997732426303855,0.0858940436185387,0.2329931972789115,0.2815892314372558,0.7679054054054054,,,,,,,,,,,,,,,,,,,,,,,,,,,,,,,,,,,,,,,,,2025-05-09 19:30:00,Indiana Pacers_vs_Cleveland Cavaliers_vs_2025,East Conf. Semifinals,Game 3,104,126,Conference Semifinals,Eastern,Eastern,False,True,Indiana Pacers,Cleveland Cavaliers
42400232,2025,Minnesota Timberwolves,Golden State Warriors,,,True,True,2,2.0,0.5565076749943708,0.124347008018063,0.2556939144770764,0.7523160875319653,0.1990115453629053,0.5370703856058747,0.116518717747751,0.2715094236717492,0.7588613111513853,0.1893766082715259,,,,,,,,,,,,,,,,,,,,,,,,,,,0.0,1.0,0.5087757229920011,0.091551317963492,0.2139149575696693,0.3016092948163524,0.7629036067654994,0.5242908729660714,0.1084168990277549,0.1541607480847402,0.2257892212001966,0.6895437472505141,,,,0.4244186046511627,0.1461454146876141,0.1744186046511628,0.2666666666666666,0.6170212765957447,0.4942528735632184,0.1136363636363636,0.1494252873563218,0.3829787234042553,0.7333333333333333,,,,,,,,,,,,,,,,,,,,,,,,,,,,,,,,,,,,,,,,,2025-05-08 20:30:00,Minnesota Timberwolves_vs_Golden State Warriors_vs_2025,West Conf. Semifinals,Game 2,117,93,Conference Semifinals,Western,Western,True,True,Minnesota Timberwolves,Minnesota Timberwolves
42400222,2025,Oklahoma City Thunder,Denver Nuggets,,,True,True,2,2.0,0.5581594613975414,0.0980068811549895,0.2382942231241037,0.747758760424753,0.1822653182514745,0.5746145427039192,0.1192318310051288,0.2665565798549045,0.7472582806684616,0.2025145635283618,,,,,,,,,,,,,,,,,,,,,,,,,,,0.0,1.0,0.5245477014944482,0.0876150393235898,0.2079320855761973,0.2778468162565197,0.7571389296187683,0.5479848139536189,0.1231450300254828,0.1651817103280824,0.2770408163265306,0.763359291084855,,,,0.495,0.0741839762611276,0.2,0.2363636363636363,0.5882352941176471,0.4947368421052631,0.1411543287327478,0.2842105263157894,0.4117647058823529,0.7636363636363637,,,,,,,,,,,,,,,,,,,,,,,,,,,,,,,,,,,,,,,,,2025-05-07 21:30:00,Oklahoma City Thunder_vs_Denver Nuggets_vs_2025,West Conf. Semifinals,Game 2,149,106,Conference Semifinals,Western,Western,True,True,Oklahoma City Thunder,Oklahoma City Thunder
42400212,2025,Boston Celtics,New York Knicks,,,True,False,2,2.0,0.5618577799381598,0.1032607729085805,0.2558424397519852,0.7601602568082985,0.1709751502038617,0.5573323517857001,0.1103193586209133,0.2569181580584944,0.7479974537078781,0.1884116681945858,,,,,,,,,,,,,,,,,,,,,,,,,,,0.0,1.0,0.5450885555250126,0.1164824989513662,0.2750422005396331,0.2304938867438867,0.749927536231884,0.5118785623349263,0.1075059325045267,0.2064789057120472,0.2438653037680013,0.7284692360779318,,,,0.4278350515463917,0.1070487483530961,0.2268041237113402,0.3392857142857143,0.7692307692307693,0.5229885057471264,0.1065340909090909,0.1954022988505747,0.2307692307692307,0.6607142857142857,,,,,,,,,,,,,,,,,,,,,,,,,,,,,,,,,,,,,,,,,2025-05-07 19:00:00,Boston Celtics_vs_New York Knicks_vs_2025,East Conf. Semifinals,Game 2,90,91,Conference Semifinals,Eastern,Eastern,False,True,Boston Celtics,New York Knicks
42400202,2025,Cleveland Cavaliers,Indiana Pacers,,,True,False,2,2.0,0.5789728832627004,0.1108683464899944,0.2583481745605887,0.7496354993187085,0.1898286370343472,0.5622493143037851,0.1097941363664756,0.2115510400062374,0.7468470321126954,0.1923640118520674,,,,,,,,,,,,,,,,,,,,,,,,,,,0.0,1.0,0.629976022276079,0.0842654295075766,0.2143283014489764,0.270826559642349,0.7711264594204703,0.5839647718712364,0.0933441223774898,0.1854944749127933,0.1654864583461938,0.769830585419203,,,,0.5051020408163265,0.0619907899397803,0.1326530612244898,0.2653061224489796,0.8108108108108109,0.6445783132530121,0.1515151515151515,0.1686746987951807,0.1891891891891892,0.7346938775510204,,,,,,,,,,,,,,,,,,,,,,,,,,,,,,,,,,,,,,,,,2025-05-06 19:00:00,Cleveland Cavaliers_vs_Indiana Pacers_vs_2025,East Conf. Semifinals,Game 2,119,120,Conference Semifinals,Eastern,Eastern,False,True,Cleveland Cavaliers,Indiana Pacers
42400301,2025,New York Knicks,Indiana Pacers,,,True,False,1,3.0,0.5573323517857001,0.1103193586209133,0.2569181580584944,0.7479974537078781,0.1884116681945858,0.5622493143037851,0.1097941363664756,0.2115510400062374,0.7468470321126954,0.1923640118520674,,,,,,,,,,,,,,,,,,,,,,,,,,,,,,,,,,,,,,,6.0,5.0,-3.0,,,,,,,,,,,0.5081927488623441,0.1101423207717468,0.2107481677566336,0.2715922403733763,0.7279321051857011,0.5839495410140241,0.1100419410479719,0.2035065980811978,0.1730876670175347,0.7413465136603817,,,,,,,,,,,,,,,,,,,,,,,,,,,,,,,2025-05-21 20:00:00,New York Knicks_vs_Indiana Pacers_vs_2025,East Conf. Finals,Game 1,135,138,Conference Finals,Eastern,Eastern,False,True,New York Knicks,Indiana Pacers
42400311,2025,Oklahoma City Thunder,Minnesota Timberwolves,,,True,True,1,3.0,0.5581594613975414,0.0980068811549895,0.2382942231241037,0.747758760424753,0.1822653182514745,0.5565076749943708,0.124347008018063,0.2556939144770764,0.7523160875319653,0.1990115453629053,,,,,,,,,,,,,,,,,,,,,,,,,,,,,,,,,,,,,,,7.0,5.0,-3.0,,,,,,,,,,,0.5217256269230218,0.0932918691229602,0.2093413818021169,0.2571875894221559,0.7358299871597406,0.5390766222362505,0.124480976646344,0.202008012173802,0.2796164159873866,0.7232022645686994,,,,,,,,,,,,,,,,,,,,,,,,,,,,,,,2025-05-20 20:30:00,Oklahoma City Thunder_vs_Minnesota Timberwolves_vs_2025,West Conf. Finals,Game 1,114,88,Conference Finals,Western,Western,True,True,Oklahoma City Thunder,Oklahoma City Thunder
42400306,2025,Indiana Pacers,New York Knicks,,,False,True,6,3.0,,,,,,,,,,,,,,,,,,,,,,,,,,,,,,,,,,,,,1.0,2.0,,,,,,,,,,,,,,,,,,,,,,,,,,,,,,,,,,0.5427223523789789,0.5386274135594846,0.1114013647944328,0.1287775078931015,0.2745029496716243,0.2858580502196065,0.1911671335200747,0.2790373551576047,0.7209626448423954,0.8088328664799252,,,,,,,,,,,,,,,,,,,,,2025-05-31 20:00:00,Indiana Pacers_vs_New York Knicks_vs_2025,East Conf. Finals,Game 6,125,108,Conference Finals,Eastern,Eastern,True,False,New York Knicks,Indiana Pacers
42400305,2025,New York Knicks,Indiana Pacers,,,True,True,5,3.0,,,,,,,,,,,,,,,,,,,,,,,,,,,,,,,,,,,,,0.0,1.0,,,,,,,,,,,,,,,,,,,,,,,,,,,,,,,,,,0.5384528062751985,0.5601596972304803,0.1279845520021968,0.0924176857607443,0.315187731313834,0.2620476060084493,0.2848432055749129,0.1913398692810457,0.8086601307189543,0.7151567944250872,,,,,,,,,,,,,,,,,,,,,2025-05-29 20:00:00,New York Knicks_vs_Indiana Pacers_vs_2025,East Conf. Finals,Game 5,111,94,Conference Finals,Eastern,Eastern,True,True,New York Knicks,New York Knicks
42400315,2025,Oklahoma City Thunder,Minnesota Timberwolves,,,True,True,5,3.0,,,,,,,,,,,,,,,,,,,,,,,,,,,,,,,,,,,,,2.0,1.0,,,,,,,,,,,,,,,,,,,,,,,,,,,,,,,,,,0.5487297369913724,0.5532253706946011,0.1044293303901176,0.1368125925547411,0.2083260358307377,0.2019823444022394,0.2627658679487947,0.3381454324777305,0.6618545675222693,0.7372341320512052,,,,,,,,,,,,,,,,,,,,,2025-05-28 20:30:00,Oklahoma City Thunder_vs_Minnesota Timberwolves_vs_2025,West Conf. Finals,Game 5,124,94,Conference Finals,Western,Western,True,False,Minnesota Timberwolves,Oklahoma City Thunder
42400304,2025,Indiana Pacers,New York Knicks,,,False,True,4,3.0,,,,,,,,,,,,,,,,,,,,,,,,,,,,,,,,,,,,,0.0,2.0,,,,,,,,,,,,,,,,,,,,,,,,,,,,,,,,,,0.5518038387315496,0.5390752864157119,0.0907981594838459,0.1218627819166113,0.2471240807385385,0.2861039669550307,0.2088235294117647,0.2740998838559814,0.7259001161440186,0.7911764705882353,,,,,,,,,,,,,,,,,,,,,2025-05-27 20:00:00,Indiana Pacers_vs_New York Knicks_vs_2025,East Conf. Finals,Game 4,130,121,Conference Finals,Eastern,Eastern,True,False,New York Knicks,Indiana Pacers
42400314,2025,Minnesota Timberwolves,Oklahoma City Thunder,,,False,False,4,3.0,,,,,,,,,,,,,,,,,,,,,,,,,,,,,,,,,,,,,1.0,0.0,,,,,,,,,,,,,,,,,,,,,,,,,,,,,,,,,,0.531284621243595,0.5351484212516544,0.1227509189512698,0.0997713579761784,0.1820082052347319,0.2216276968971239,0.2749346507110482,0.1958829458829458,0.8041170541170541,0.7250653492889517,,,,,,,,,,,,,,,,,,,,,2025-05-26 20:30:00,Minnesota Timberwolves_vs_Oklahoma City Thunder_vs_2025,West Conf. Finals,Game 4,126,128,Conference Finals,Western,Western,False,True,Minnesota Timberwolves,Oklahoma City Thunder
42400303,2025,Indiana Pacers,New York Knicks,,,False,False,3,3.0,,,,,,,,,,,,,,,,,,,,,,,,,,,,,,,,,,,,,0.0,2.0,,,,,,,,,,,,,,,,,,,,,,,,,,,,,,,,,,0.5906927710843373,0.5554078014184397,0.0782374246971754,0.1162542489205444,0.1953614457831325,0.256079027355623,0.225,0.3013937282229965,0.6986062717770035,0.775,,,,,,,,,,,,,,,,,,,,,2025-05-25 20:00:00,Indiana Pacers_vs_New York Knicks_vs_2025,East Conf. Finals,Game 3,100,106,Conference Finals,Eastern,Eastern,False,False,New York Knicks,New York Knicks
42400313,2025,Minnesota Timberwolves,Oklahoma City Thunder,,,False,True,3,3.0,,,,,,,,,,,,,,,,,,,,,,,,,,,,,,,,,,,,,0.0,0.0,,,,,,,,,,,,,,,,,,,,,,,,,,,,,,,,,,0.4583852651987259,0.5585365853658537,0.1400657510035703,0.0850575537601334,0.2053039745187646,0.2336043360433604,0.2637533274179237,0.2370062370062369,0.7629937629937631,0.7362466725820762,,,,,,,,,,,,,,,,,,,,,2025-05-24 20:30:00,Minnesota Timberwolves_vs_Oklahoma City Thunder_vs_2025,West Conf. Finals,Game 3,143,101,Conference Finals,Western,Western,True,True,Minnesota Timberwolves,Minnesota Timberwolves
42400302,2025,New York Knicks,Indiana Pacers,,,True,False,2,3.0,,,,,,,,,,,,,,,,,,,,,,,,,,,,,,,,,,,,,0.0,0.0,,,,,,,,,,,,,,,,,,,,,,,,,,,,,,,,,,0.5691489361702128,0.585,0.1184834123222748,0.0586657727120348,0.2978723404255319,0.21,0.3170731707317073,0.25,0.75,0.6829268292682927,,,,,,,,,,,,,,,,,,,,,2025-05-23 20:00:00,New York Knicks_vs_Indiana Pacers_vs_2025,East Conf. Finals,Game 2,109,114,Conference Finals,Eastern,Eastern,False,False,Indiana Pacers,Indiana Pacers
42400312,2025,Oklahoma City Thunder,Minnesota Timberwolves,,,True,True,2,3.0,,,,,,,,,,,,,,,,,,,,,,,,,,,,,,,,,,,,,1.0,0.0,,,,,,,,,,,,,,,,,,,,,,,,,,,,,,,,,,0.5670731707317073,0.4397590361445783,0.1138088012139605,0.1556206517759062,0.2560975609756097,0.180722891566265,0.2307692307692307,0.2448979591836734,0.7551020408163265,0.7692307692307693,,,,,,,,,,,,,,,,,,,,,2025-05-22 20:30:00,Oklahoma City Thunder_vs_Minnesota Timberwolves_vs_2025,West Conf. Finals,Game 2,118,103,Conference Finals,Western,Western,True,True,Oklahoma City Thunder,Oklahoma City Thunder
42400401,2025,Oklahoma City Thunder,Indiana Pacers,,,True,False,1,4.0,0.5581594613975414,0.0980068811549895,0.2382942231241037,0.747758760424753,0.1822653182514745,0.5622493143037851,0.1097941363664756,0.2115510400062374,0.7468470321126954,0.1923640118520674,,,,,,,,,,,,,,,,,,,,,,,,,,,,,,,,,,,,,,,5.0,6.0,3.0,,,,,,,,,,,,,,,,,,,,,,,,,,,,,,,0.533510848211966,0.5746427276639607,0.0981113682038867,0.1107075906782997,0.2087877998557307,0.2247385014554842,0.2540210926096677,0.1789489328756884,0.7232084601805485,0.7322470487137778,,,,,,,,,,,2025-06-05 20:30:00,Oklahoma City Thunder_vs_Indiana Pacers_vs_2025,NBA Finals,Game 1,110,111,NBA Finals,Western,Eastern,False,True,Oklahoma City Thunder,Indiana Pacers
42400407,2025,Oklahoma City Thunder,Indiana Pacers,,,True,True,7,4.0,,,,,,,,,,,,,,,,,,,,,,,,,,,,,,,,,,,,,2.0,1.0,,,,,,,,,,,,,,,,,,,,,,,,,,,,,,,,,,,,,,,,,,,,,,,,,,,,,,0.5042434417572246,0.5331912258540744,0.1228506859015865,0.1467474360503993,0.3092267426232466,0.2380215156051816,0.2497458714089357,0.2477465151807256,0.7522534848192742,0.7502541285910641,2025-06-22 20:00:00,Oklahoma City Thunder_vs_Indiana Pacers_vs_2025,NBA Finals,Game 7,103,91,NBA Finals,Western,Eastern,True,False,Indiana Pacers,Oklahoma City Thunder
42400406,2025,Indiana Pacers,Oklahoma City Thunder,,,False,True,6,4.0,,,,,,,,,,,,,,,,,,,,,,,,,,,,,,,,,,,,,1.0,1.0,,,,,,,,,,,,,,,,,,,,,,,,,,,,,,,,,,,,,,,,,,,,,,,,,,,,,,0.5409164275466284,0.510497535514075,0.1583978082162314,0.107961973025534,0.2486692969870874,0.3143153343911392,0.2514624848835375,0.2791822251779024,0.7208177748220975,0.7485375151164625,2025-06-19 20:30:00,Indiana Pacers_vs_Oklahoma City Thunder_vs_2025,NBA Finals,Game 6,108,91,NBA Finals,Eastern,Western,True,False,Oklahoma City Thunder,Indiana Pacers
42400405,2025,Oklahoma City Thunder,Indiana Pacers,,,True,True,5,4.0,,,,,,,,,,,,,,,,,,,,,,,,,,,,,,,,,,,,,1.0,1.0,,,,,,,,,,,,,,,,,,,,,,,,,,,,,,,,,,,,,,,,,,,,,,,,,,,,,,0.5131219193925937,0.5465723637015782,0.1118587477733519,0.1510689326252381,0.3237452318187112,0.2376658895265423,0.2558405265704173,0.2120553788316946,0.7879446211683054,0.7441594734295827,2025-06-16 20:30:00,Oklahoma City Thunder_vs_Indiana Pacers_vs_2025,NBA Finals,Game 5,120,109,NBA Finals,Western,Eastern,True,False,Indiana Pacers,Oklahoma City Thunder
42400404,2025,Indiana Pacers,Oklahoma City Thunder,,,False,False,4,4.0,,,,,,,,,,,,,,,,,,,,,,,,,,,,,,,,,,,,,1.0,1.0,,,,,,,,,,,,,,,,,,,,,,,,,,,,,,,,,,,,,,,,,,,,,,,,,,,,,,0.5641798182687708,0.5196326446602104,0.1557714816303394,0.1089172460718587,0.2127211860353897,0.2863611637924697,0.2213369963369963,0.2358575441991528,0.764142455800847,0.7786630036630037,2025-06-13 20:30:00,Indiana Pacers_vs_Oklahoma City Thunder_vs_2025,NBA Finals,Game 4,104,111,NBA Finals,Eastern,Western,False,False,Oklahoma City Thunder,Oklahoma City Thunder
42400403,2025,Indiana Pacers,Oklahoma City Thunder,,,False,True,3,4.0,,,,,,,,,,,,,,,,,,,,,,,,,,,,,,,,,,,,,0.0,1.0,,,,,,,,,,,,,,,,,,,,,,,,,,,,,,,,,,,,,,,,,,,,,,,,,,,,,,0.5609756097560976,0.5136261821801891,0.1732931808407543,0.0855370412689602,0.2073170731707316,0.2839721254355399,0.2445054945054944,0.2353652636671503,0.7646347363328496,0.7554945054945055,2025-06-11 20:30:00,Indiana Pacers_vs_Oklahoma City Thunder_vs_2025,NBA Finals,Game 3,116,107,NBA Finals,Eastern,Western,True,True,Indiana Pacers,Indiana Pacers
42400402,2025,Oklahoma City Thunder,Indiana Pacers,,,True,True,2,4.0,,,,,,,,,,,,,,,,,,,,,,,,,,,,,,,,,,,,,0.0,0.0,,,,,,,,,,,,,,,,,,,,,,,,,,,,,,,,,,,,,,,,,,,,,,,,,,,,,,0.4540816326530612,0.5853658536585366,0.0523743016759776,0.2082610204790003,0.2142857142857142,0.1829268292682926,0.1886792452830188,0.3095238095238095,0.6904761904761905,0.8113207547169812,2025-06-08 20:00:00,Oklahoma City Thunder_vs_Indiana Pacers_vs_2025,NBA Finals,Game 2,123,107,NBA Finals,Western,Eastern,True,True,Oklahoma City Thunder,Oklahoma City Thunder
